code,name,total_return,trade_count,max_drawdown,sharpe_ratio
421,南京公用,18.116446925625763,17.5,0.2115068223240231,1.8165396503549955
300542,新晨科技,12.40445887136427,14.5,0.2918285238623749,1.3471092144972994
300484,蓝海华腾,12.253791638615322,16.5,0.3685098998967165,1.3274762275594467
2920,德赛西威,12.02700740961704,15.0,0.2777786076870677,1.5749506791960914
3025,思进智能,10.251508274222251,11.5,0.1659702688345277,1.860649255028054
300141,和顺电气,10.121269331989282,15.5,0.2901953736163655,1.3228389638566809
701,厦门信达,9.987925139948834,14.0,0.3262064896755166,1.5542563556931834
2857,三晖电气,9.444257681976202,17.5,0.2796499937162245,1.3995630599202826
670,盈方微,8.674705284271923,4.5,0.2722072844550771,0.5809070226126685
2189,中光学,8.442994922183546,13.0,0.216247348169108,1.5327071192607784
2559,亚威股份,8.146177562206022,20.5,0.3809897029810004,1.2853332629651557
300490,华自科技,7.938907155615038,12.0,0.3053763440860218,1.314486017805724
300589,江龙船艇,7.761413513422021,11.5,0.2464013547840813,1.255435787628902
2173,创新医疗,7.6033100804072,13.0,0.3382513949682443,1.2432327958254694
2297,博云新材,7.486371579959496,25.5,0.2669507837485685,1.3335836266355188
300727,润禾材料,7.44182166773427,13.5,0.1840444573784024,1.308580834649598
2719,ST麦趣,7.357101878697548,21.5,0.3047636135053661,1.2681011264630468
300780,德恩精工,7.344925461137884,8.0,0.1851851851851847,1.3951191385115187
300371,汇中股份,7.19115414420698,17.5,0.3567967701755817,1.2412706841315515
2383,合众思壮,6.59195100211342,19.5,0.3688837018633185,1.0847359250158557
300620,光库科技,6.477409406397023,16.5,0.3902511669690626,1.119945958438498
300473,德尔股份,6.4647453386885285,9.0,0.3204022758758036,1.3412515944440346
2861,瀛通通讯,6.3841333864456296,23.0,0.3925956918652977,1.061131293461839
300541,先进数通,6.3359301954142815,11.0,0.2774166666666663,1.2474753080596648
300707,威唐工业,6.254231947078035,19.5,0.3792963648129328,1.17470262360018
300522,世名科技,6.214631971515717,10.5,0.3439146595504241,1.4083070561869482
802,北京文化,6.126876879446153,18.5,0.3297359341152968,1.2652544100867882
2873,新天药业,6.041533451830119,18.0,0.2837169768583207,1.247392166160711
300452,山河药辅,6.025837695713915,9.5,0.1784474702976899,1.2234944519416109
300842,帝科股份,6.013219910288328,17.0,0.3593538299352322,1.1515848775699231
300697,电工合金,5.819357128009426,20.5,0.3590094437338924,1.034506715651272
300556,丝路视觉,5.696508125837628,12.5,0.2615317021651119,1.1705681634284617
2957,科瑞技术,5.573943384040479,17.0,0.2993746604556541,1.2282045466029456
2828,贝肯能源,5.49371821810221,12.0,0.3038295654144396,1.230642811840441
300503,昊志机电,5.388393241575671,13.0,0.2739834941698108,1.1390371674076143
300402,宝色股份,5.374914896294232,18.0,0.2512059360303517,1.0383356907743415
2357,富临运业,5.355305230172871,11.5,0.2869034198993897,1.287323331740045
300022,吉峰科技,5.31936329826334,12.5,0.2915639988714378,1.164042834274716
300062,中能电气,5.210809902531463,13.5,0.3916596738204095,1.0744877231545944
300943,春晖智控,5.121652937027426,20.0,0.2816329778768111,1.220476874901273
2272,川润股份,5.032556495172013,12.5,0.277264325323475,1.1939257889663684
301015,百洋医药,5.021393107976071,12.5,0.2508079418963489,1.4302457978078131
2432,九安医疗,4.99857512665358,9.5,0.375974146554771,1.1318543303984347
300389,艾比森,4.942206628476508,13.0,0.3132496437660759,1.0436419825612278
2847,盐津铺子,4.929201775529043,9.5,0.2582321963358144,1.163636619503666
300039,上海凯宝,4.909131742311559,10.5,0.2932040184660584,1.2212614643288733
2789,*ST建艺,4.887449052822118,22.5,0.3781291498267899,0.9819587171425304
2119,康强电子,4.844681517338042,16.0,0.2968073184923391,1.1617814157728703
301200,大族数控,4.826382221003044,17.0,0.3175095855395292,1.2472786124309143
300400,劲拓股份,4.823190763222162,14.0,0.316892133554943,1.0922025923307306
300322,硕贝德,4.816443892959966,13.0,0.2666513414614754,1.0749533303856824
300778,新城市,4.768059137587843,14.5,0.371420552346701,1.0036807686586176
301041,金百泽,4.720389056617061,10.0,0.2879543834640057,1.315093240056985
19,深粮控股,4.712353619335231,11.0,0.1679626749611188,1.358910049819423
300730,科创信息,4.709400544337275,5.0,0.2413108242303874,1.3066698933465908
300004,南风股份,4.699479995844692,13.0,0.3832178129462163,1.0828332292841556
301368,丰立智能,4.674914085617094,9.5,0.232066915787982,1.497769829272658
300164,通源石油,4.666117715882783,11.0,0.1995567261493622,1.2694805033403125
301321,翰博高新,4.608516896400605,18.0,0.394291547705872,1.536735572983971
856,冀东装备,4.598465151956651,7.0,0.2896667668704143,1.2673824145517438
300512,中亚股份,4.596881344693588,12.5,0.3170029782324106,1.040934657700469
2931,锋龙股份,4.577743218530267,11.0,0.2838261869279228,1.2887315966571264
2232,启明信息,4.5773473799576125,9.5,0.2836236933797908,1.1322196405440967
1309,德明利,4.558274985386872,20.5,0.3411395997393769,1.2588656186437928
2884,凌霄泵业,4.532397905932863,12.0,0.2871323096975191,1.234043446257742
1216,华瓷股份,4.500156024468766,17.0,0.2402844805689608,1.6737265266496375
300162,雷曼光电,4.493836469137687,13.0,0.2737382861013887,1.0418743491392768
300900,广联航空,4.488088470387208,12.0,0.2817027792665182,1.3396508125249489
2409,雅克科技,4.472197037083541,14.5,0.3207204042502821,1.1928372719205922
301151,冠龙节能,4.468711520350342,14.0,0.2727956507315644,1.304024885665929
300112,万讯自控,4.4551249823444055,18.0,0.3348220423476459,1.0175851777730562
300516,久之洋,4.4470534527539245,16.0,0.3811608597318182,0.9903615968459056
2813,路畅科技,4.355183872726214,15.5,0.3308685790408207,1.015506521992283
2066,瑞泰科技,4.353297913760334,15.5,0.2804676830531984,1.2011671659420058
300650,太龙股份,4.346725791040666,11.5,0.3652561722467618,1.1541810224048414
300812,易天股份,4.293987194010681,11.0,0.2733094979014462,1.0854297322614517
2907,华森制药,4.291387988066443,7.5,0.1991465149359883,1.1334781112547698
11,深物业A,4.283200380815026,12.0,0.3104752377683249,1.0818906976367326
2474,榕基软件,4.2595134882392784,12.0,0.3242074621188467,1.1789651829268888
301392,汇成真空,4.243297984915425,8.0,0.2397073032952497,2.2095678845988327
2199,东晶电子,4.229716415697053,19.0,0.3359602695329803,1.0568135953455482
300539,横河精密,4.226535952800339,16.5,0.3783862379684618,0.9534071477819352
532,华金资本,4.215745150749995,19.0,0.2939129905565641,1.088467251661513
2893,京能热力,4.189249462712001,19.5,0.3093601525501669,1.1948954116903276
301136,招标股份,4.17395465827178,9.5,0.3310749394230767,1.267267409661723
300467,迅游科技,4.168769253668756,14.0,0.2748318730619045,0.9424169704300792
2298,中电鑫龙,4.116659088228247,17.0,0.3529061395849117,1.1716823213675542
300478,杭州高新,4.084161426755039,7.0,0.2135706340378195,1.1787991759910237
300424,航新科技,4.045184739820486,15.0,0.3560839048927273,1.0826231014881529
300106,西部牧业,4.037853996476407,18.5,0.370040927486259,0.901436977130229
2913,奥士康,4.027992469436629,12.0,0.2341687704183231,1.2386993987837638
2767,先锋电子,4.023073882508502,19.0,0.2490141022809723,1.167231702466741
301053,远信工业,4.00701008596366,14.5,0.3548428415495313,1.0395196782872178
2295,精艺股份,4.004970609736845,19.0,0.3752675420241523,1.187079570641273
300884,狄耐克,3.9539639209086648,13.5,0.2714797517753184,1.0398538369038413
2674,兴业科技,3.950331289447507,13.5,0.3134890272652061,1.1448720979155722
2877,智能自控,3.914081873535248,8.0,0.2121621621621628,1.202115075657259
2184,海得控制,3.899990910608037,14.0,0.2841270149208691,0.9722507100893136
300691,联合光电,3.879840728366422,11.5,0.242826780021254,1.0438740172793075
705,浙江震元,3.875829680295933,11.5,0.215482862895389,1.2181836028218669
300835,龙磁科技,3.8451821823328514,13.0,0.3703171574599818,1.015938388412774
2829,星网宇达,3.8410664855845065,9.5,0.2868455785305764,1.069021011106204
300549,优德精密,3.791891425193386,20.0,0.2899706152592615,0.8908001834177774
2845,同兴达,3.780249133658304,18.5,0.3289622472623884,0.8877247122187095
300831,ST派瑞,3.778180863267367,10.0,0.3383479766581031,1.083953561952414
2296,辉煌科技,3.75530600180973,14.0,0.2253773704796736,1.2763327898741892
300277,汽轮科技,3.74618802636223,13.0,0.3105742378836637,0.9556064037454852
300537,广信材料,3.740862751897324,25.0,0.364995009599787,0.881712891226069
600148,长春一东,3.731347268153343,12.5,0.1914609739826553,1.1019432437905434
300102,乾照光电,3.7152078812441234,14.0,0.3547233065036715,0.9571033464368892
2836,新宏泽,3.698690558396186,20.0,0.3876645319640767,0.9006840679742774
2584,西陇科学,3.6593189643089774,12.0,0.2243125904486253,1.1427386835410862
300124,汇川技术,3.628671568615703,9.5,0.2435469054302879,1.3090631080729664
300937,药易购,3.5849634141597075,19.5,0.3886971116889941,0.9802614903145214
300353,东土科技,3.5665008805846004,11.0,0.2670955777052182,0.931167585958487
2782,可立克,3.548618360405759,9.5,0.189237668161435,1.180758065838906
300228,富瑞特装,3.547066831019884,7.0,0.194585448392555,1.285374692352053
570,苏常柴Ａ,3.5444733189272952,18.0,0.2788133550661587,0.9964162905908048
300269,联建光电,3.50028726229593,9.0,0.2048880275624463,1.0927479817900074
300553,集智股份,3.485311832953585,16.0,0.3543879726503278,0.895479543807254
2046,国机精工,3.469838741611267,11.5,0.2750496373036624,1.0855016651333538
2806,华锋股份,3.440868643129539,18.0,0.3590245758538878,0.8882364238334284
2899,英派斯,3.412122373413069,11.5,0.2503655490632272,1.1288456555459878
300864,南大环境,3.408815972401068,13.0,0.302300042420743,1.0786925683957589
2659,凯文教育,3.3874822135992018,8.0,0.2775132615564992,1.1281175334007538
2442,龙星科技,3.3710286795707862,10.5,0.2504930966469433,1.0747437364953412
300652,雷迪克,3.3702697371279493,8.0,0.2110311750599521,1.1704526216924316
300508,维宏股份,3.364517143200564,12.0,0.25833831440526,1.074111087021482
300817,双飞集团,3.3602915589726456,10.0,0.3232740029329732,1.0347805357100288
300899,上海凯鑫,3.3493383503340413,18.0,0.3339731842603365,0.9122679753170716
300585,奥联电子,3.332058998098294,14.0,0.2430587549292467,0.8939874781600511
1314,亿道信息,3.330243823730457,12.0,0.3227331327889979,1.4114262936380546
600097,开创国际,3.3265870391002825,18.0,0.3475043927683183,1.1344041036383188
300716,*ST泉为,3.31118446334649,11.0,0.3172388931881741,0.9441880845145932
962,东方钽业,3.286301440710921,18.5,0.3349766520447149,0.9468659462041672
300989,蕾奥规划,3.278099511430122,10.0,0.2779700458010141,1.0513211817973205
565,渝三峡Ａ,3.2759598066934483,8.0,0.224489795918368,1.182754103778024
301306,西测测试,3.2692994839392595,12.0,0.3707990368523513,1.3392629072587383
590,古汉医药,3.2084250106847083,15.0,0.3422391857506357,1.0193222005654674
2811,郑中设计,3.2007925442013807,18.0,0.3445747800586511,0.8806756559640858
2347,泰尔股份,3.199476637850764,15.5,0.3498784220093195,0.9978696353638814
300552,万集科技,3.198381536792718,6.0,0.2044424297370806,1.151180444785341
2394,联发股份,3.1896608369937685,9.0,0.2481962481962489,1.1678189057940969
300694,蠡湖股份,3.189456503699046,10.0,0.3904225365549991,1.2145032094101793
300306,远方信息,3.186776491738436,18.0,0.2856550201996053,0.9371582237977858
919,金陵药业,3.168434628208959,12.5,0.2747570476888079,1.1004862362097418
2580,圣阳股份,3.167719008732168,8.5,0.3277518214787465,1.094193824676853
300263,隆华科技,3.1632157483312517,9.0,0.2556689390893775,0.9655425400648442
1202,炬申股份,3.161596273596382,17.0,0.2853298878923773,1.0990612455931037
300335,迪森股份,3.1589888403309025,11.0,0.3145403959336545,1.058883340624667
300847,中船汉光,3.141946573839868,10.5,0.2769378975420687,1.0876650809601314
2886,沃特股份,3.125850502093912,12.0,0.2213505133018679,0.9767371217174032
2820,桂发祥,3.1161674246022315,20.0,0.2779426310583582,0.9076033531102092
300272,开能健康,3.100159190201005,9.5,0.2437604727048243,1.0200553451374257
2850,科达利,3.090204178113008,11.5,0.2766188828472564,0.900519084075378
300535,达威股份,3.0872448801507564,17.0,0.37500019359859,0.9269889779289896
300387,富邦科技,3.0573589375568275,11.0,0.2575579112681588,0.936705182746998
605,渤海股份,3.0489884284626863,8.0,0.2064297800338404,1.2283896665093947
2090,金智科技,3.043895673418443,13.0,0.2768801212954759,1.0202041657114047
300127,银河磁体,3.04128205815132,19.5,0.3257041006683822,0.8279175517189895
300224,正海磁材,3.0330263894942986,8.5,0.2607913669064747,0.9755635037657991
2990,盛视科技,3.0317718954729544,6.0,0.2485463435913449,1.3386696616025078
3004,声迅股份,3.026171343734194,19.0,0.334351693064142,0.9735509819981384
300720,海川智能,3.0139620404171774,6.5,0.219241443108233,1.0436152157497205
301312,智立方,3.011124206111234,13.0,0.3938848920863311,1.0296327813299588
301038,深水规院,3.002214143399329,15.5,0.2967507253727314,1.0358520467289063
300902,国安达,3.0018635522146164,6.5,0.2506963788300835,1.1720796932849984
2546,新联电子,3.001268457011501,11.0,0.3148614609571793,1.0652526877816837
300713,英可瑞,3.001209770727125,22.0,0.3807269187798536,0.7912512888769959
2832,比音勒芬,2.997100553056788,8.5,0.3687840586587196,0.9765932582339458
600137,浪莎股份,2.978329025627014,17.0,0.3081084854156604,1.0303164093199153
2935,天奥电子,2.964297861462473,6.0,0.3709453313207843,1.1154850495546331
2207,*ST准油,2.944067999700437,12.0,0.3577365047321262,0.9534716783907208
2735,王子新材,2.924048793854572,8.5,0.2964527027027028,0.9839879818335552
837,秦川机床,2.919767149530686,8.5,0.2651356993736953,1.2725401345790996
2933,新兴装备,2.910037867644754,21.5,0.3317793807436189,0.8464280773593037
1217,华尔泰,2.898706332738985,10.5,0.2910815130736671,1.2369918322454572
301067,显盈科技,2.890546594554312,12.0,0.3174037510558815,0.971947335837992
600081,东风科技,2.888041115227906,10.5,0.2414700255102045,1.2609920217773705
600130,波导股份,2.885670777266893,8.0,0.2260061919504645,1.2071828988435669
300557,理工光科,2.8834213593171527,23.5,0.3225117116942556,0.8483331301898249
300838,浙江力诺,2.87467235855703,8.5,0.2651142304525167,1.0743228621630017
2792,通宇通讯,2.874049545051536,16.0,0.3578041262423145,0.8535120481250266
300882,万胜智能,2.8694812745726237,13.0,0.3783507777365502,0.919191616236818
301505,苏州规划,2.868399771893899,14.5,0.3112410830446112,1.4156063032325956
300621,维业股份,2.8620950962641394,14.5,0.39472854761666,0.8680728252677382
3031,中瓷电子,2.849075461305957,12.5,0.2809594055836195,1.0908289222212446
2635,安洁科技,2.843921790602832,12.0,0.2326098791149514,0.9349998904725032
2686,亿利达,2.8306437120805588,18.5,0.3973162166094355,0.8885738317239976
2809,红墙股份,2.8227054083314385,17.5,0.3131389048772018,0.8542725892561979
300827,上能电气,2.8027282885850933,3.5,0.1997439180537774,1.1927173305121757
300605,恒锋信息,2.801457759845446,18.5,0.3466974038458863,0.7788992259767996
300602,飞荣达,2.800574140092821,15.0,0.3913387298567797,0.8132430950192554
300583,赛托生物,2.7871209431721344,11.5,0.2052487416747162,0.9768532684088294
2888,惠威科技,2.7775737880614715,16.0,0.3512449424214131,0.8353803166121132
600173,卧龙新能,2.7740100340962166,9.0,0.2249350649350656,1.1012324788802996
2161,远 望 谷,2.773894586671085,9.0,0.2083341945885615,1.250499548494569
300182,捷成股份,2.76635551149582,9.0,0.1443988157769079,1.083770727141556
2988,豪美新材,2.7655033314575754,13.0,0.2916932938812849,1.0411667052873597
300939,秋田微,2.760047417452589,21.0,0.2983092584485968,0.9610616691389102
2846,英联股份,2.753773478055873,6.0,0.2281553398058253,1.1757461584621884
300453,三鑫医疗,2.752249393425355,13.5,0.2377477659074111,0.9322628027634426
1266,宏英智能,2.74379804967787,19.5,0.2944234931119501,1.1187265199566676
300179,四方达,2.74195928536461,7.0,0.2500656110576502,1.0744111916581027
2275,桂林三金,2.734276352098771,6.0,0.1905579399141631,1.072742131001111
300655,晶瑞电材,2.7290058315270507,7.0,0.3934005893913663,0.972529229197
3005,竞业达,2.727110413876127,12.5,0.3382390826522836,1.1146874603362795
2492,恒基达鑫,2.721357013712461,13.5,0.2550015323925162,0.992246528868198
632,ST三木,2.721238738970384,8.5,0.349286077420292,1.1072596437942142
300440,运达科技,2.7059724506761325,9.0,0.3539217136938438,0.9941857057454012
2017,东信和平,2.7057449394664173,10.0,0.2320440884434429,1.022522408241604
300187,永清环保,2.6951194590059324,3.5,0.2464539007092195,0.9427987247183544
301039,中集车辆,2.685708510240364,9.5,0.2323196444897645,1.1434124909359609
300825,阿尔特,2.679764200533384,15.0,0.3222561370973325,0.946254049194786
300735,光弘科技,2.6735464232438426,6.0,0.1608465608465613,1.0501067478044634
300430,*ST益通,2.6326478703375886,13.0,0.2761087051080813,0.936320098897865
300037,新宙邦,2.6200233180193817,6.5,0.2259055310408048,1.0153940445202094
2366,融发核电,2.6145541057571977,13.0,0.3154387971600272,1.0706881623821851
600051,宁波联合,2.609021127547838,8.0,0.2127303182579568,0.9551894531122836
301072,中捷精工,2.5973779174421283,12.0,0.3574513430332545,1.0102556824441948
2905,金逸影视,2.596654948323342,12.5,0.3415817301616951,0.8487061293414339
300447,全信股份,2.585445041958378,15.5,0.3429542091604445,0.7587436904701432
2451,摩恩电气,2.580393009093272,11.0,0.2595014714389926,1.019217029669636
2084,海鸥住工,2.568609850427153,7.0,0.2334479633515004,1.172545599620801
729,燕京啤酒,2.5624567948969834,8.5,0.1517990206514796,1.1795012123393789
300921,南凌科技,2.560578513293273,12.0,0.2993234541334507,0.8660371635675824
300115,长盈精密,2.55366090300408,16.0,0.3514129714824354,0.9087135227225284
300637,扬帆新材,2.549272283127322,9.0,0.2827356130108416,0.8561293807145803
300693,盛弘股份,2.5432622499120003,6.5,0.2486793002915452,0.8545073598075393
2867,周大生,2.5415262637187426,9.5,0.2597225228645174,1.1052333768619298
300554,三超新材,2.5287145469406784,9.5,0.3446560877094561,0.9059459545045058
58,深 赛 格,2.5140655114372192,13.0,0.3112094395280236,0.8504341509490574
300690,双一科技,2.510108624396476,6.0,0.2246641849426585,1.0770788774258226
300375,鹏翎股份,2.504899732128491,4.0,0.247086247086247,0.9976699554623536
300789,唐源电气,2.4998518390566784,15.0,0.3046422169131633,0.7745817158080257
2339,积成电子,2.499398620602478,20.5,0.3721345636134585,0.8356998914457187
702,正虹科技,2.493948744128375,13.5,0.2659198113207545,0.945663462239862
600152,维科技术,2.4932287881009065,10.0,0.3017832647462272,0.9515682634682416
2114,罗平锌电,2.4931392141392683,12.0,0.3432942044797381,0.973778290973066
300404,博济医药,2.489405805993661,14.0,0.3297883675963923,0.902232335139622
2574,明牌珠宝,2.4887129423764742,7.5,0.3446611354335688,0.9510684585280588
2796,世嘉科技,2.46574407384995,5.0,0.1953642384105959,1.0642256424550758
2403,爱仕达,2.4546049988323286,4.0,0.1374269005847955,1.1837425912886417
300034,钢研高纳,2.4543011049440238,6.5,0.2377554821490518,1.1338590308651528
300515,三德科技,2.452626745203415,24.5,0.3351421048634012,0.7303557784700033
301215,中汽股份,2.448914292664037,9.5,0.1431127012522358,1.4470812081239262
2282,博深股份,2.4432933619419317,14.0,0.2570043851016252,0.9340723089373054
300703,创源股份,2.44212244135918,14.0,0.3399467129391337,0.9360581060877669
300507,苏奥传感,2.43532499613566,9.5,0.2213438735177865,0.9428619855450712
300667,必创科技,2.4353091161466542,15.5,0.3324111110252569,0.845718281785956
300040,九洲集团,2.4106619425673164,6.5,0.2039473684210527,1.0630508972002408
2166,莱茵生物,2.4075753204398693,10.5,0.2520472809218081,0.8284927627581672
2639,雪人集团,2.3968258214472224,10.0,0.2945724150727645,0.9718879039671962
2779,中坚科技,2.3866218175473004,10.0,0.2749169435215949,0.976462187526417
300753,爱朋医疗,2.365113272043466,7.0,0.1743083405894282,1.1238776584133745
300993,玉马科技,2.3615225749177653,15.0,0.2568801016892046,0.9874398160049164
300548,长芯博创,2.352524631755992,13.0,0.3935522627152586,0.8176558316095877
301208,中亦科技,2.339863627548476,5.0,0.1624266144814093,1.327854075989161
159,国际实业,2.3374216741964875,11.0,0.2311938031305135,0.8999210287638704
2406,远东传动,2.332915700885233,10.5,0.2113275598146322,0.9353118649192812
301133,金钟股份,2.330458464611372,16.0,0.2774522303749804,0.9294556740918656
948,南天信息,2.32974265306452,10.0,0.2947460191169951,1.0548311846432814
555,神州信息,2.3192845364136114,9.5,0.2340934943135656,1.096914440028838
2971,和远气体,2.316225828015199,12.0,0.2607121303560654,0.9258196043850428
301233,盛帮股份,2.3066206661802107,6.0,0.2597703493367005,1.1650421842130436
300378,鼎捷数智,2.305862832293906,15.5,0.3875705214639204,0.7835574998448723
300987,川网传媒,2.296838772260581,11.5,0.3067577301988817,0.9196407931129338
529,广弘控股,2.293651961608055,7.5,0.244901796480615,1.2393250868174115
2448,中原内配,2.289360708520781,6.5,0.2591808639499931,0.96268656345796
301045,天禄科技,2.285012708837112,12.0,0.3463458591103643,0.9728163720234012
2571,德力股份,2.2820160569482613,10.0,0.3223786715909743,0.8616169483483966
300936,中英科技,2.2725829826978625,19.0,0.3804178717741674,0.8144725853949961
2213,大为股份,2.265366625842269,15.0,0.3592241302138659,0.8613845999418127
301297,富乐德,2.265217163085152,3.5,0.2772801302931595,1.3866604523696184
2613,北玻股份,2.259105495771734,4.0,0.1455525606469008,1.1841722225415552
300250,初灵信息,2.2587310530610782,8.0,0.2721562815108189,0.8198409096595016
2696,百洋股份,2.25605432303316,13.0,0.3327948972829688,0.8924206572539415
300733,西菱动力,2.2549765566985447,10.5,0.3321322295123507,0.8237113652905617
779,甘咨询,2.251919996675325,10.0,0.3850658412907288,0.99291252049147
300131,英唐智控,2.2465540977696543,20.0,0.3569440886469824,0.7553035793090254
300084,海默科技,2.245942726901988,10.5,0.2297773676863746,0.9316206389497608
2995,天地在线,2.2359578518439727,7.5,0.22717720751667,1.0064297982047723
300879,大叶股份,2.2318340479399428,7.0,0.2273699215965785,0.910841072092318
300401,花园生物,2.227284846873156,6.5,0.1302378255945641,1.2982574295664764
300771,智莱科技,2.222565577915516,7.0,0.3665719364968066,0.9995981485229584
985,大庆华科,2.210174208355149,10.0,0.2117999114517529,0.8651376449699286
901,航天科技,2.1997740737665854,12.0,0.2923555863023174,0.9199482030714764
300359,全通教育,2.1978921714568003,8.5,0.2306273062730629,0.926436570847741
2772,众兴菌业,2.196817264492372,11.5,0.2617112023293291,0.8572415834556105
600158,中体产业,2.1851875533304077,10.5,0.2583387750824324,0.919696919834824
600128,苏豪弘业,2.1781080511675017,11.5,0.3017560779586098,0.8299776662531615
1313,粤海饲料,2.174306002408238,8.5,0.1561771561771559,1.30070088119803
300588,熙菱信息,2.1738544694054425,4.0,0.1320293398533008,1.1381830494946654
2788,鹭燕医药,2.172731822876989,6.0,0.1656050955414013,1.1410526279836846
655,金岭矿业,2.1716148838758387,7.0,0.1754648741460559,1.0780077226621
26,飞亚达,2.1549632678804223,10.5,0.2495095923608392,0.8214898172497703
300762,上海瀚讯,2.154631990117773,13.0,0.3057795698924732,0.8112181563343285
300918,南山智尚,2.148234835861109,5.0,0.1888185654008438,1.0285867491810086
300729,乐歌股份,2.146472318541028,8.0,0.2146844959820315,0.9464940603789213
2606,大连电瓷,2.1450280556429364,9.5,0.363953428878906,0.7957398411276678
3020,立方制药,2.144568638209013,9.5,0.2682512733446519,0.9068315192185542
300599,雄塑科技,2.141901621909128,6.0,0.3558231671439208,0.9745985385002718
301025,读客文化,2.122203149924382,11.5,0.3134357973315028,0.853602494447759
300828,锐新科技,2.104721121989974,11.0,0.3984411213083852,0.7854689088935974
597,东北制药,2.1014568841944654,11.0,0.1481168721499748,1.2396233540431882
2057,中钢天源,2.0986988126033723,4.0,0.2035278154681139,1.021871848139874
2652,扬子新材,2.0960334265235505,9.0,0.3154417274027656,1.0304951629717756
300243,瑞丰高材,2.0906173122216845,4.5,0.1109510086455331,1.2374320010326092
2669,康达新材,2.089624941695538,13.0,0.337538531457438,0.8564149849097525
2976,瑞玛精密,2.0832068606759973,12.0,0.3235772640967131,0.8906804882145706
300434,金石亚药,2.076479058679683,8.5,0.3022912759754859,0.920219962743541
300550,和仁科技,2.0757300026050234,18.0,0.3207591781397341,0.7660781555793079
300270,中威电子,2.0711684864047557,11.0,0.2585438335809808,0.8397751626883344
300151,昌红科技,2.071166058635296,7.5,0.2797397738246248,0.9034038959010534
2718,友邦吊顶,2.070762294119774,16.0,0.3816625862652854,0.7945504460093864
301193,家联科技,2.0613125189549497,4.0,0.1095066185318893,1.3771439205696627
2413,雷科防务,2.05715538269606,7.0,0.3225806451612911,0.8489598661579925
300074,华平股份,2.0558727562460035,14.5,0.3380966859227733,0.7901055799588751
2817,黄山胶囊,2.0549109404007737,13.5,0.3718720032845269,0.9032096809060468
2376,新北洋,2.048745108465317,13.5,0.3474959856079025,0.9383062346354742
2389,航天彩虹,2.046143443083392,15.5,0.3715858053349689,0.8366068692370014
593,德龙汇能,2.040895840992472,4.0,0.1684782608695648,1.063749522546542
300480,光力科技,2.035027750448687,13.5,0.3658688456850493,0.8295737023358623
2883,*ST中设,2.034987383566732,7.5,0.2494969818913473,0.99408210204951
2412,汉森制药,2.0275951893319424,17.0,0.2763887171737983,0.8329709350720054
3013,地铁设计,2.0252111365042604,9.0,0.2090942830878109,1.1340636967981783
2350,北京科锐,2.001339778409964,8.0,0.2758302040816324,0.8053810189371379
600099,林海股份,2.000808376717081,9.5,0.3499912177094486,0.8542465257931589
2043,兔 宝 宝,2.0005637494851123,10.5,0.3079211016912597,0.7217538888399957
300802,矩子科技,1.994936499231801,7.0,0.2627064651405328,0.9756943090150032
300909,汇创达,1.98597474659479,18.0,0.3793099026745031,0.8323745142542802
301221,光庭信息,1.9824918746345157,14.5,0.357821820309001,0.8235681646438553
2952,亚世光电,1.9780825487105544,11.0,0.3786256690009164,0.7530376222211643
301429,森泰股份,1.97792908615189,8.0,0.2473989688493716,1.2329274715775187
301228,实朴检测,1.977410182399831,10.0,0.244255319148936,0.9205245435464144
300643,万通智控,1.9726642530615977,13.0,0.3149404102972944,0.7452034540242748
300299,富春股份,1.97173327128258,3.0,0.1244239631336405,1.0297669868068209
300054,鼎龙股份,1.967692560800248,7.5,0.2708630595299501,0.9953284009818112
301028,鼎熔岩,1.9658125460675044,11.0,0.3570457719181681,0.8960125519844276
60,中金岭南,1.9638675630351503,5.5,0.1816091954022983,1.1224996202414086
301308,江波龙,1.9588726495572664,8.5,0.2732951467223725,1.0965399906438362
2927,泰永长征,1.957741256726772,14.0,0.3137269448701789,0.8168499516648903
2953,日丰股份,1.9576152199645689,7.0,0.1705068088025279,0.9306594972506164
2917,金奥博,1.951350981555192,8.0,0.1946697566628036,0.9490147301180069
2858,力盛体育,1.936413787643268,7.5,0.2537091988130559,0.8745023487813902
300373,扬杰科技,1.933679018314005,11.5,0.2972243150739101,0.6788133995895712
300622,博士眼镜,1.932940986438076,9.5,0.2471500344885438,0.7871287295591145
300808,久量股份,1.9302394272839212,5.0,0.3912101030626936,0.7508584988802445
2715,登云股份,1.9291019493955293,16.0,0.3035221939379722,0.7645817878425306
301251,威尔高,1.918097482168285,13.0,0.3421953399519806,1.2605304633319072
300479,神思电子,1.9169930456457287,12.5,0.3639879023979126,0.703298352310003
300407,凯发电气,1.912272575018628,19.0,0.3794169090395047,0.7128360839795542
300935,盈建科,1.8982897208915848,6.0,0.2486406327236776,0.9058893615862088
300615,欣天科技,1.882714250008091,7.5,0.3137175177132622,0.7939383048695676
300384,三联虹普,1.8739300532935803,8.5,0.2543312543312543,0.7918063625191024
301512,智信精密,1.8710589276262173,14.0,0.3022022741852738,1.190753639885586
300617,安靠智电,1.869954963693361,8.5,0.2749470250939628,0.8142961981058623
2467,二六三,1.8655689205189427,4.0,0.1313364055299539,1.1085673472761055
300275,梅安森,1.8618027536056077,8.0,0.3521075466190247,0.8141001497046807
3033,征和工业,1.858522788928349,16.0,0.3785058154702077,0.8332840002137013
663,永安林业,1.8561441662553984,15.0,0.3137671817913417,0.7442727920155398
300206,理邦仪器,1.8554707811911837,5.0,0.1709302325581395,1.0111435484443825
757,浩物股份,1.8542493492787784,10.5,0.3802433056732313,0.9567969467968244
2634,*ST棒杰,1.8421684276553356,5.0,0.1277955271565493,1.255879157881254
2294,信立泰,1.8353358378283853,6.5,0.1890250811098561,1.12598395512588
2106,莱宝高科,1.8314788078196087,10.0,0.233877231230413,0.914539052808046
3018,金富科技,1.8313138232738813,10.0,0.3452480117544442,0.8186472291875314
2830,名雕股份,1.8256664188504377,14.0,0.3268203173835015,0.6937309253407742
600132,重庆啤酒,1.82404954167879,11.0,0.3608558600768762,0.8019273133541278
2999,天禾股份,1.8229625779497975,11.5,0.3490184733495942,0.8256052146345809
301112,信邦智能,1.8159543927147508,6.0,0.218667572732397,1.1220344962671982
758,中色股份,1.813772813387718,6.0,0.1570796460176992,1.1873532591957463
300609,汇纳科技,1.813180772577737,11.0,0.2860489304933747,0.7442470945130316
301048,金鹰重工,1.813097210487395,4.0,0.1948979591836736,0.9879296874503708
1205,盛航股份,1.8112684866455029,13.5,0.2890876705744681,1.0023198451921302
300648,星云股份,1.8103701347352648,12.5,0.3879291070274209,0.7338226648658145
301186,超达装备,1.8092197080296852,19.0,0.3542906648714243,0.8768437549123866
1287,中电港,1.800919346020298,5.0,0.2160333159812596,1.3803812339983188
2138,顺络电子,1.798405925906275,7.0,0.1487403325151669,1.056942152617032
551,创元科技,1.7955015426962329,14.5,0.3187063384310524,0.735221706851797
300787,海能实业,1.7899574418004556,10.5,0.3350382861488544,0.7861579535887094
2662,峰璟股份,1.7863454735225166,7.0,0.2066171598939929,1.0669557557827996
2471,中超控股,1.7805420001734904,4.0,0.1273408239700375,1.0444943461853435
300076,*ST宁视,1.7801653692120665,8.0,0.2831632653061225,0.7478920574801462
301591,肯特股份,1.773742481275583,7.0,0.2670531150327606,1.7634506890606032
301229,纽泰格,1.771133270576219,16.5,0.2376729824841907,1.0185145532736155
300740,水羊股份,1.756718492019071,11.5,0.2471858865648288,0.7801195893438819
300540,蜀道装备,1.7558811917369863,8.5,0.3042218682015178,0.8856942389271004
300880,迦南智能,1.7512427810875064,18.0,0.3774306288916927,0.7268490371552438
2749,国光股份,1.7489248975416058,8.5,0.2954545454545458,0.803169361285657
300819,聚杰微纤,1.7487211160346738,3.0,0.2047116165718928,1.0728303917669166
301092,争光股份,1.7455307384342036,14.0,0.3249214594129133,0.9112145903962638
300912,凯龙高科,1.7382990289229605,8.0,0.2711442786069655,0.9079908453672494
300240,飞力达,1.737168760487252,9.0,0.2934750165972822,0.7393413258784067
301131,聚赛龙,1.7355878959312516,14.0,0.3657042319984515,0.8560368002320857
2722,物产金轮,1.732398775572016,8.0,0.2926796248933757,0.970555248975972
301603,乔锋智能,1.731692407365946,8.5,0.3525012464683399,1.4077015092993743
301159,三维天地,1.7301544820083177,14.5,0.3167656399134408,0.838449887737502
1209,洪兴股份,1.729707542560972,12.0,0.3418908722137424,0.8405812364358398
300128,锦富技术,1.7283866797354328,7.0,0.1696056799146936,0.9660439679729228
300531,优博讯,1.7252434737061553,8.0,0.1755218216318781,0.7942337776130676
300627,华测导航,1.716120747436802,7.5,0.3031015720254469,0.7399002004069462
2029,七 匹 狼,1.714245139315017,7.0,0.1183719600206983,1.0467725963965515
300985,致远新能,1.712942168498669,10.0,0.2841880341880343,0.7821111754044695
301459,丰茂股份,1.7069800052655664,8.0,0.3355581110365743,1.3117813855232552
2093,国脉科技,1.7062053772792745,5.0,0.320620745852253,0.7758265916353835
2181,粤 传 媒,1.7058668220326292,8.0,0.3089826397405518,0.8328838526517885
300640,德艺文创,1.705614647951703,4.0,0.1222493887530565,1.0587085536019136
2863,今飞凯达,1.700867489454113,17.5,0.3538172421103955,0.7258475631457831
300743,天地数码,1.6872734413888946,15.0,0.3714877255249929,0.6575610394430977
300959,线上线下,1.6870674387087858,6.0,0.2858614283875001,0.8696481853276489
2915,中欣氟材,1.6779494290448167,9.0,0.3367839889579015,0.8569171590729399
2679,福建金森,1.6774166542111553,9.5,0.250429257469979,0.8135575769488678
300245,ST天玑,1.675145606029522,6.5,0.175438596491228,0.9070629223983409
1308,康冠科技,1.6751280650301947,5.0,0.2017897091722595,1.2832080366697325
300608,思特奇,1.6725507846031629,3.0,0.2606382978723403,0.8855408397530851
2513,蓝丰生化,1.6666802661106834,5.0,0.1887755102040813,1.096038165784494
300455,航天智装,1.6645911872925017,8.0,0.2646075152469017,0.8436667874967901
300889,爱克股份,1.6640549715590784,8.0,0.3289710327937856,0.7690108056789408
300756,金马游乐,1.6633984087586204,15.0,0.3286683388350881,0.6718625404770139
2578,闽发铝业,1.6593838796912317,7.0,0.311021446878475,0.8730908466933538
2627,三峡旅游,1.6442739849738666,15.5,0.2274044552972888,0.9825112661321986
2818,富森美,1.6439877738362958,5.5,0.1933819138742693,0.844183438394205
2144,宏达高科,1.6412223825036711,8.5,0.2237080218345793,0.7833583387570251
1226,拓山重工,1.640444982152773,10.0,0.2854954173054098,1.0470633691161615
300200,高盟新材,1.6353679210285708,9.0,0.2855302590134849,0.7058293754851659
300933,中辰股份,1.6344753437477204,11.5,0.2978116408486201,0.7610075486223445
3028,振邦智能,1.6314342450601846,13.5,0.2348750595470098,0.8199810859040658
300700,岱勒新材,1.6276031336172274,14.5,0.3894582725415526,0.6608466241511417
2098,浔兴股份,1.627186010006501,8.0,0.2105263157894736,0.7895825533291895
301298,东利机械,1.624345288054284,14.5,0.3728090967947376,0.8927418925913844
561,烽火电子,1.6166092682492104,12.0,0.3038749816293543,0.7166711362224722
2760,凤形股份,1.6144765866260355,8.5,0.2822769240114194,0.7885026898392826
2469,三维化学,1.6118899290109614,14.5,0.3294649447488509,0.6543558148887982
301169,零点有数,1.6023286680812188,13.0,0.2610228014196982,0.9173158052031196
156,华数传媒,1.601858472346697,7.5,0.1998288627197261,0.9487184628477652
300295,*ST三六五,1.585280279474086,6.0,0.2567947516401127,0.7296341525021505
301222,浙江恒威,1.576595065515235,13.0,0.327102246475084,1.0238011721905986
2783,凯龙股份,1.5660285737410904,13.5,0.2985948477751755,0.6983411927093449
3019,宸展光电,1.56422332863134,6.0,0.2597599449004142,1.026060696887602
1239,永达股份,1.5631643300326197,13.5,0.3348225976040518,1.2545110480438078
2666,德联集团,1.5628578782445155,7.5,0.3035714285714284,1.0191041414625266
859,国风新材,1.5614012508186386,9.0,0.3094881829343156,0.9015351995912628
2906,华阳集团,1.554777979641678,5.5,0.334517546214143,0.8352182961039679
1368,通达创智,1.5475685053635235,10.0,0.3286260264753227,0.97657478754752
2636,金安国纪,1.5431498490626994,3.0,0.1643835616438357,1.0743775608987756
1872,招商港口,1.5380396469551665,7.5,0.2261470960065443,0.8157963722394129
301456,盘古智能,1.5359257498147394,12.5,0.3371520835217685,1.0360939608927926
301137,哈焊华通,1.5356389788569371,6.0,0.2292328177814198,0.8991885320859038
301360,荣旗科技,1.528097101093438,9.0,0.3559529537009546,0.966158524954104
300333,兆日科技,1.5280005096456242,13.0,0.2835948792071031,0.6886349978095219
2479,富春环保,1.527954840454226,11.0,0.3275550835118478,0.8101927517551855
554,泰山石油,1.5249688425374988,10.0,0.2530457919058962,0.8015103076861976
2462,嘉事堂,1.5237192098729508,11.5,0.212999216914643,0.8719756801971937
2587,奥拓电子,1.5231494214936656,3.0,0.0866666666666664,1.1616623600466325
301201,诚达药业,1.522201739005116,4.0,0.2862707743925846,0.9377647157931988
2802,洪汇新材,1.5201212188972346,6.0,0.2127882599580712,0.902971905651912
300719,安达维尔,1.5134371653702623,9.0,0.2696379564787245,0.782801926997417
300978,东箭科技,1.5080790640562507,19.5,0.3896996155268907,0.6851166757898364
2246,北化股份,1.5035431831047097,10.0,0.3585481353244704,0.8249299811760645
2752,昇兴股份,1.500860960818017,8.0,0.1820083682008365,1.0159737130979996
2393,力生制药,1.5000932889675689,11.0,0.2249297358560824,0.8386055050983773
2685,华东重机,1.498980073546674,7.0,0.3209574134665791,0.8342809831689743
2371,北方华创,1.4870635576978457,11.5,0.3545322322751212,0.7293836721015369
2006,精工科技,1.4865023118342475,5.5,0.3178268952695724,0.7165633386090043
300154,瑞凌股份,1.4864936261544222,12.5,0.3124999999999998,0.7154801617314381
2941,新疆交建,1.4849751399550473,3.0,0.1942857142857146,1.0229073626505676
300891,惠云钛业,1.484152947286383,6.5,0.2967678746327131,0.8295675169856602
300904,威力传动,1.479972382369181,14.5,0.3001603784222978,1.0341642691849615
300442,润泽科技,1.4783822788025294,6.5,0.2779729842485372,0.8325096160278642
300334,津膜科技,1.478259208927685,6.0,0.2698145025295112,0.7343892485547523
301309,万得凯,1.477983360315919,14.0,0.2852701831070352,1.157520255856697
1298,好上好,1.4770460974229505,8.5,0.3204012343288253,1.036424826208104
2993,奥海科技,1.4769045651326271,3.0,0.101002865329513,1.0245702071747356
61,农 产 品,1.468148840807925,4.0,0.1737704918032788,1.0587475768699015
300514,友讯达,1.4674287630875775,16.5,0.3426789187738945,0.6006023114788934
2908,德生科技,1.4672345526217438,10.0,0.2888631090487238,0.6659775902370578
2860,星帅尔,1.4671548728086967,6.0,0.3177450357456312,0.9056719727510346
2441,众业达,1.464738402061733,15.5,0.3646059944881034,0.6574154911650226
2278,神开股份,1.462005145307935,5.0,0.2757281553398059,0.8191412591232967
2552,宝鼎科技,1.452128614009835,3.0,0.1417197452229298,0.991767320592272
301087,可孚医疗,1.4488511524125574,10.0,0.3345269346819974,0.9336506146661095
301289,国缆检测,1.4464235922678017,14.5,0.3516918300518121,0.8227990970334634
301600,慧翰股份,1.4450328256699505,11.0,0.3554720665533781,1.441680419406877
300752,隆利科技,1.443812613358045,10.0,0.3256569468849051,0.670485444777937
1234,泰慕士,1.4392198454465728,12.5,0.3646351988373786,0.8365764720859835
300429,强力新材,1.432610140238893,6.0,0.2608833534271269,0.7508781941925293
300239,东宝生物,1.4324671627107848,13.0,0.3771504102675068,0.5977458444620025
300018,中元股份,1.430104547138663,13.0,0.3950222664113671,0.685973828774057
925,众合科技,1.42762424014539,3.0,0.1474878444084278,1.0388705126294826
301120,新特电气,1.4269583379824318,14.0,0.3465645011048208,0.788747852451703
300680,隆盛科技,1.4172931814538816,5.5,0.2525336080115254,0.7907640234791526
300011,鼎汉技术,1.41611256910556,10.5,0.2973545656960797,0.6719940416495858
300826,测绘股份,1.4083573040684472,10.0,0.3279630737744015,0.6126622473436739
301118,恒光股份,1.4008942667858908,3.0,0.0936890045543265,1.2477198332739023
1219,青岛食品,1.3993573358790932,10.5,0.253645882430657,0.9170203562668676
301565,中仑新材,1.395945025750804,6.0,0.2125052809463456,1.293822782862699
430,张家界,1.3946454889809077,5.5,0.3023679417122036,0.8417328725879926
300907,康平科技,1.3934210489716188,12.0,0.3856397031748989,0.6569174983589997
300161,华中数控,1.3910600587646376,3.0,0.152011922503726,0.9752513509503528
777,中核科技,1.3837379377804369,11.5,0.2903873168773837,0.6821562983804305
301329,信音电子,1.3793430683991712,12.0,0.3589368648866965,1.0098421670239683
301058,中粮科工,1.3722850312472024,14.0,0.2974439048788187,0.7737259253007476
1300,三柏硕,1.3718171182339365,12.5,0.352328528800938,0.8974887478035549
300053,航宇微,1.3715768963114434,9.0,0.3196173582515043,0.6962568838919504
2334,英威腾,1.3710180363426177,6.0,0.3282604401248464,0.7487136045596026
300538,同益股份,1.3709532491848822,4.0,0.3429992804327922,0.8882760732801922
2998,优彩资源,1.370024339699761,7.0,0.3077302307237229,0.7249529416794107
2111,威海广泰,1.36724738913802,12.0,0.269017031447076,0.7757934352133279
2058,威尔泰,1.363787399937797,12.0,0.3490440307062799,0.7719858017046085
2984,森麒麟,1.35874347431001,13.0,0.3338305931911371,0.8443976545072727
2484,江海股份,1.3574347952293349,8.5,0.252018030513176,0.7425696968298738
301252,同星科技,1.3542420050846826,7.0,0.2705725935289294,0.9725036679313598
3017,大洋生物,1.3523081278938816,9.0,0.3498731949163624,0.7219211289121844
300155,安居宝,1.3506089461874409,17.5,0.3668017471038847,0.5587262322932913
300982,苏文电能,1.349450153369695,4.5,0.2391184573002754,0.8444084644270998
2012,凯恩股份,1.3491974461040006,13.0,0.3540844014030134,0.7333158984060395
2769,普路通,1.348280816183772,6.0,0.3345690576752579,0.8395562192717777
2040,南 京 港,1.346525132301254,7.0,0.125,0.9051774380644274
2140,东华科技,1.3458632344057588,3.0,0.2816711590296498,0.817762243418397
586,汇源通信,1.344447801671666,13.0,0.3222103576091371,0.6385043864322082
2800,天顺股份,1.3434873738111317,3.0,0.1788461538461536,0.8717561117630337
300748,金力永磁,1.3431370399191689,6.5,0.2466063348416291,0.7858331414936988
300818,耐普矿机,1.3418495811046158,7.0,0.2735765836672162,0.6398812692404756
2316,亚联发展,1.3390716685616115,6.0,0.3318870843000773,0.7476961963202794
301129,瑞纳智能,1.3379475799798497,6.0,0.2859260561588251,0.8421279060948407
301439,泓淋电力,1.335833005036124,7.0,0.3508161009111015,1.058037966343708
2856,*ST美芝,1.3304085878088054,9.0,0.3421740017238318,0.7659655816452445
301596,瑞迪智驱,1.3295369992637394,7.5,0.2723249563005457,1.23295283910714
301255,通力科技,1.327913714513321,7.0,0.343720034705015,1.0478558821090505
301399,英特科技,1.3279107359193882,9.0,0.3744525719588894,0.9393381842005908
969,安泰科技,1.3261844333208588,11.5,0.2861335793008842,0.7115526156600418
963,华东医药,1.3194357407005874,6.5,0.275302421474224,0.7928215112571634
301353,普莱得,1.3187872690109277,3.0,0.2552664188351923,1.1424755190286848
2286,保龄宝,1.3151032700653285,6.5,0.2320512820512815,0.7407024943961288
2940,昂利康,1.314025829368502,3.0,0.1362984218077473,1.0674253728757452
301171,易点天下,1.3136097643019522,8.0,0.2979392818799953,0.9165775110375028
3016,欣贺股份,1.3046116386375504,13.5,0.3297524627826618,0.641426121281849
301387,光大同创,1.3039895981399572,12.5,0.3848905866238509,0.818572173175569
300502,新易盛,1.3012778398768852,9.0,0.3527027123024053,0.6970432387093857
513,丽珠集团,1.2997193047945128,7.0,0.2336559607444495,0.8862118204675055
300695,兆丰股份,1.2984283162936152,8.0,0.3831998096463503,0.7234726204027574
300519,新光药业,1.2977502451864784,17.0,0.3315699264890767,0.5788007067848056
301606,绿联科技,1.2967855455868649,5.5,0.2076998528690534,1.3235285617866133
2446,盛路通信,1.2959737095221402,3.0,0.2499999999999993,0.8159715658301848
2159,三特索道,1.2954200308908352,6.0,0.3879335088280398,0.6542067741889452
997,新 大 陆,1.2953488413219518,6.0,0.2473253461022177,0.8483910379010825
300470,中密控股,1.294710160174751,8.0,0.2248554913294791,0.7647651621809327
2404,嘉欣丝绸,1.290269119649786,16.5,0.2590802233323542,0.7011824574197836
300897,山科智能,1.2865309809825027,7.0,0.2673350562633922,0.6728220231892702
2955,鸿合科技,1.2819993509792176,7.0,0.3017689906347555,0.7625472174134793
300611,美力科技,1.2785407456604658,7.5,0.2414361001317526,0.6416282879940984
2125,湘潭电化,1.2784786977804024,3.0,0.1902097902097903,0.7534070274071826
301197,工大科雅,1.2715696425143432,8.0,0.3247609333951474,0.8315428594894375
300908,仲景食品,1.2653228449694285,7.5,0.3478883731591308,0.7036293076741124
2364,中恒电气,1.2639993240728362,10.0,0.3079545968434856,0.70133053660473
301568,思泰克,1.2637993172808804,8.5,0.3949220997024965,0.9623642864914204
301191,菲菱科思,1.259872725659453,7.5,0.261873748886788,0.9009162255049524
301196,唯科科技,1.2561593133829474,5.0,0.2018123906708785,1.0153632222047888
300415,伊之密,1.2556546315961292,16.5,0.3866507334512966,0.5709404897985446
2360,ST同德,1.253300692045331,17.0,0.3632884579651366,0.6487368999565647
301059,金三江,1.2506049633613747,8.0,0.3753753971870691,0.96254495071944
300288,朗玛信息,1.2494191841821358,4.5,0.2030505243088658,0.7554408726369178
300706,阿石创,1.246165429336259,18.0,0.3068242207882818,0.579915786751142
2577,雷柏科技,1.245908653314315,9.0,0.2916285087532479,0.670259385424812
301065,本立科技,1.2424784644138187,10.5,0.3913351035211449,0.7514671650385166
2890,弘宇股份,1.2419369003966052,18.0,0.3307837580275542,0.5867221099579893
2209,达 意 隆,1.2408832160107224,12.5,0.3523974429031347,0.6771255677458932
301377,鼎泰高科,1.2399891501848403,4.0,0.1767833981841761,1.132654266049996
2223,鱼跃医疗,1.2365728976690582,7.5,0.2976250605851887,0.674379836957947
2986,宇新股份,1.2348728071959574,9.5,0.2830609212481424,0.7027282095754764
301106,骏成科技,1.2348621918636256,14.5,0.2883231563218422,0.8002591647206279
301499,维科精密,1.2348321070691504,10.0,0.2408510723023492,1.0531583318733873
2035,华帝股份,1.232171319455297,4.5,0.1615245009074403,0.8839052200228485
301552,科力装备,1.230843991577706,16.0,0.2576077501776197,1.3682663748942514
885,城发环境,1.2176263279062771,6.0,0.1776018099547512,0.9171303877831568
2415,海康威视,1.19320064601673,9.5,0.3302542840972324,0.6302027927751032
301218,华是科技,1.1855577448585264,15.0,0.3359809372517869,0.6853787655341651
2313,日海智能,1.182686602977572,4.0,0.2918561836690492,0.8487950828999958
582,北部湾港,1.1820993024204196,4.0,0.2059585492227973,0.8196014999968724
300863,卡倍亿,1.1811374418757614,10.0,0.2859735534101711,0.6601964338917945
300750,宁德时代,1.1782957478917864,8.5,0.3860201124938736,0.6761413366608836
301330,熵基科技,1.177150205136247,11.5,0.3321661557936796,0.8494834110387671
953,中哲精化,1.1742693388557726,7.0,0.35057974140487,0.7123063079658121
2848,高斯贝尔,1.173853849846168,9.0,0.3105335157318737,0.6701453632079046
2879,长缆科技,1.1728738195934163,9.0,0.2993404354720008,0.6715402519886374
301102,兆讯传媒,1.1725874582033944,7.5,0.313309797827146,0.8881354735934385
301230,泓博医药,1.1718093627302224,6.0,0.3666144381894627,0.8820757682402692
600088,中视传媒,1.1716139912717751,4.0,0.3305841496823853,0.7428572795310543
301116,益客食品,1.1670214486657016,3.5,0.1096837944664032,1.1923469385637289
2891,中宠股份,1.1662608755044732,6.5,0.3159509202453981,0.6648031178812609
2827,高争民爆,1.1642197579122722,10.5,0.3485919134121531,0.5702768342270518
300678,中科信息,1.1628784412454978,21.0,0.3749733873239235,0.5418558719389361
300895,铜牛信息,1.1597551198631373,4.0,0.1220489977728283,1.033553559906114
2032,苏 泊 尔,1.1596684624805156,7.0,0.2247924103555609,0.6782322592675696
1230,劲旅环境,1.155043097919429,4.0,0.2490446239350427,1.0151481137382643
300444,双杰电气,1.1544791313688507,4.0,0.1883265904843019,0.9372903772689682
2983,芯瑞达,1.1529336187662111,19.0,0.3658848263467205,0.5642784265099273
600149,廊坊发展,1.1491832168748104,6.0,0.3546452384673197,0.7380577470147975
300193,佳士科技,1.1422034658309306,4.0,0.1736256089074462,0.8801978725018146
1207,联科科技,1.1380822575812064,16.5,0.3523056620251636,0.6425160414632316
600057,厦门象屿,1.134044564279188,3.5,0.2278481012658232,0.8286785869914001
300761,立华股份,1.1336800306825572,6.0,0.1944443910205246,0.8915645807419665
1229,魅视科技,1.133194221728293,9.0,0.3393554270082348,0.7611672755482877
300966,共同药业,1.1309999163022693,15.0,0.3991192579920881,0.6368606931197685
1336,楚环科技,1.125918383264487,10.5,0.350216772454106,0.7976097250869826
301337,亚华电子,1.1239968047828146,16.5,0.3083424056660068,0.8019809494748521
2676,顺威股份,1.1217504987700857,3.5,0.2888453824849585,0.8851737689303629
2593,日上集团,1.1108183242633063,4.0,0.2794117647058828,0.7225110103889651
300968,格林精密,1.106691376358922,4.0,0.2457456714680635,0.7773725887145683
2787,华源控股,1.1058540579121527,10.0,0.2863919587681739,0.6887123972009077
301272,英华特,1.1053266784059983,13.5,0.2665879896439973,0.9239158606213108
541,佛山照明,1.1027627537603473,6.5,0.2614379084967325,0.7899867275941828
2105,信隆健康,1.102637338868274,4.0,0.1891439963984819,0.8896779260552143
301520,万邦医药,1.1020538419343082,8.0,0.3011720116948594,0.9351082847100972
300211,*ST亿通,1.0996615849052258,4.0,0.3051120953067602,0.7327108285008805
301001,凯淳股份,1.0995627874268452,11.0,0.3641422090491534,0.6221941399362272
301119,正强股份,1.0976861635221689,12.0,0.3251896276095242,0.670718420909385
762,西藏矿业,1.0974237597809746,3.0,0.2805755395683453,0.7605490916059343
300001,特锐德,1.0928298164061216,6.0,0.2827242453882165,0.6387150237672871
300016,北陆药业,1.091345337327122,10.0,0.2840275947319147,0.6303253264208196
2826,易明医药,1.0910103249580123,11.0,0.2638129198466098,0.6662184029463373
1400,江顺科技,1.0862745262329117,8.0,0.3391625168576107,1.454493818028308
301070,开勒股份,1.0834058710694676,9.0,0.2944028247601788,0.6975482969339796
300597,吉大通信,1.0825946103857498,10.5,0.2611473481608211,0.6058635484634336
2438,江苏神通,1.0799918423919932,3.5,0.1472835811565777,0.8841993240208916
301202,朗威股份,1.0781959067137614,7.0,0.330931886214996,0.9202948794278896
3029,吉大正元,1.0778304399721548,7.5,0.3242538202992636,0.7228987315064745
1324,长青科技,1.075152389449359,4.0,0.1876606683804626,1.1356578987189871
301305,朗坤科技,1.0750173133909824,7.0,0.2190069601466863,1.164024060432225
2778,中晟高科,1.0728722155325476,7.0,0.2876826040628331,0.7213169685590612
301500,飞南资源,1.063821391834423,7.0,0.1651482606226703,1.242339839639249
2664,信质集团,1.0614704055112636,3.0,0.1018062397372744,1.2906320123132458
301307,美利信,1.0612648217307414,5.0,0.3140247733652657,1.1523314038873569
2358,森源电气,1.0569350436922502,7.0,0.2529979681544739,0.7265597185248044
300066,三川智慧,1.0564765902520268,7.0,0.285238867379693,0.632028308815959
300851,交大思诺,1.0551373084004234,7.5,0.2603577979827769,0.6006230652283902
300666,江丰电子,1.0541139965901685,7.0,0.2059147685525349,0.6517253022806009
301507,民生健康,1.0536548260238088,8.5,0.2298091042584431,0.9965548228236372
2186,全 聚 德,1.053057206594756,4.5,0.2554318561197568,0.7582216330818116
300635,中达安,1.048606510097508,4.0,0.2526997840172781,0.7293681676850775
301088,戎美股份,1.0483499222888464,13.5,0.2955779391575788,0.7331228059883158
300581,晨曦航空,1.0471180227478651,4.5,0.1743693572712433,0.6693783674511501
3023,彩虹集团,1.0469250870086997,9.0,0.3201565775639205,0.7109575761705638
2077,大港股份,1.0389853383283385,7.5,0.3426903627097873,0.7020458660040941
2155,湖南黄金,1.037765725877577,5.0,0.286903569568527,0.6836398124850057
301390,经纬股份,1.0373984947077015,11.5,0.2739353723217833,0.8087375749023893
973,佛塑科技,1.0345107625700354,8.0,0.1850961538461541,0.7677709054048955
300005,探路者,1.0326604073645806,12.5,0.3091348740346513,0.5967285091259703
300814,中富电路,1.0326484210696822,7.0,0.2898909811694746,0.7844864206682486
300174,元力股份,1.0275822833345485,4.0,0.160263657966668,0.8951204315818592
952,广济药业,1.0238030154481386,7.5,0.2396265006669633,0.6417622053835659
301356,天振股份,1.0219517290883076,5.0,0.2223290785102299,1.1463375209933648
2880,卫光生物,1.021237139327572,11.5,0.2827658419978635,0.6106583540185507
300041,回天新材,1.017171082388987,6.5,0.2767567567567575,0.5569262780061427
2187,广百股份,1.0080490327413554,5.5,0.1900663315660219,0.8214369534552893
533,顺钠股份,1.0078177239702226,3.0,0.2492836676217761,0.6774381416642904
301051,信濠光电,1.0073726341440217,8.0,0.3377541777291895,0.6354983895924121
600156,华升股份,1.0037398335562362,17.0,0.3271704138029602,0.6003656794155297
300606,金太阳,1.001493388238782,11.0,0.3499073053589493,0.5776719560455126
831,中国稀土,0.9992299662112474,7.5,0.3050549086904711,0.5683476972629079
600054,黄山旅游,0.9939066994011172,3.5,0.1995731056563499,0.7272717437252414
301277,新天地,0.993609380232236,4.0,0.2078049303158556,1.10907576174902
301295,美硕科技,0.9887167746725596,14.0,0.3283182131062975,0.8275081926632194
1389,广合科技,0.9819950985839072,4.0,0.2090515884410579,1.5989559034655536
301256,华融化学,0.9805271199954072,7.0,0.311340143867497,0.829387491815913
2532,天山铝业,0.9776262461234216,6.5,0.2579958972318159,0.6963055418774527
301503,智迪科技,0.976653013977735,9.5,0.3904395165617854,0.886556015179247
300946,恒而达,0.9682360202214526,8.0,0.347992964817971,0.5892254759185819
1359,平安电工,0.953977376100298,4.5,0.312232916989304,1.09048304914092
301257,普蕊斯,0.9539669044075232,6.0,0.2184417512365821,0.9225847800555976
2579,中京电子,0.9523286779813512,14.0,0.3836463849706757,0.5338433067865466
1283,豪鹏科技,0.9468122046972376,7.0,0.2595931272682139,0.8111840135871541
301279,金道科技,0.9460723513137672,8.0,0.32536632932743,0.7008994937724907
301518,长华化学,0.9453085835112806,7.0,0.2979640230548599,0.8483542022462285
155,川能动力,0.9443331488589998,11.5,0.2940659932314629,0.5654741274385553
2036,联创电子,0.9424065400114766,4.5,0.2450986446015615,0.773521768822993
2221,东华能源,0.9382581641829316,10.5,0.3968968623657267,0.6046454785604628
300069,金利华电,0.9377241764816155,5.0,0.1895093062605753,0.6474457436361883
1208,华菱线缆,0.9369276417686784,4.0,0.3672124089901857,0.6278785893263491
301172,君逸数码,0.9313198450199538,9.0,0.3457669740150882,0.7910169907766731
2365,永安药业,0.9279446721413546,7.0,0.3394396073986229,0.602973039941403
300077,国民技术,0.9271615290636732,8.5,0.2501599859287228,0.59072780994397
2290,禾盛新材,0.9260979963204058,12.5,0.3951301567894596,0.5104396666571098
716,黑芝麻,0.9232686949328226,5.0,0.3587582302236076,0.6176568996601476
300500,启迪设计,0.9216475903882354,24.5,0.3116137157859255,0.4679900662236965
878,云南铜业,0.9196252098397268,7.5,0.2721568373829711,0.6125751920892425
300567,精测电子,0.9185728159003038,8.0,0.378072704461454,0.6047807098729215
301125,腾亚精工,0.912982340948296,9.0,0.3969208351180524,0.7106563910203101
544,中原环保,0.9126199905000244,7.0,0.2706671982987772,0.662405355663337
1255,博菲电气,0.9122481665103208,15.0,0.3180696498221794,0.7265356645706693
70,特发信息,0.9109994875026636,8.0,0.3192747034042221,0.5679922552963427
2094,青岛金王,0.9105192150027832,5.0,0.3319185917836235,0.6778578045498572
301566,达利凯普,0.9098220812769208,11.0,0.2684331797235022,0.9320421684022802
2849,威星智能,0.9037552096886377,7.5,0.3417623113020867,0.5513611266325565
600080,ST金花,0.9034690840572536,8.5,0.3365044033272234,0.7053915391750731
936,华西股份,0.9033555207788886,8.5,0.3551940342223457,0.5833921671582911
2128,电投能源,0.895896894320641,4.5,0.305636070853462,0.6695993005698823
301528,多浦乐,0.8832944290463155,8.0,0.3690429203084706,0.8377259366790012
1231,农心科技,0.8797307450162247,8.5,0.3243671840578865,0.7576100374440322
300235,方直科技,0.8768487335620713,5.0,0.2761262254613342,0.6062554588809391
1278,一彬科技,0.8732892533235735,8.5,0.2965027876330461,0.7837083559536686
301335,天元宠物,0.8708179742449415,7.5,0.2789278235174824,0.8407473631985505
2981,朝阳科技,0.8701248464306252,5.0,0.3223038592566239,0.5808393262701627
301559,中集环科,0.8695516241954375,6.5,0.1928271828063563,1.0814159628713804
301156,美农生物,0.8619619303657341,9.0,0.3809280586314364,0.6872533547328614
300679,电连技术,0.861364914924828,7.0,0.2690987245950164,0.611631026272475
300670,大烨智能,0.8611340807409814,15.0,0.3689418659310269,0.4703136942639399
600184,光电股份,0.8610422483947393,7.0,0.2734792745618895,0.6762310987923049
301303,真兰仪表,0.8587773992342962,7.0,0.2301350713018168,1.0872572788777843
300183,东软载波,0.8582315670520294,10.5,0.3080191991983932,0.5475596591155196
300962,中金辐照,0.8566590319149965,16.5,0.3261449375155669,0.5278321311165916
300488,恒锋工具,0.8565167725882729,8.0,0.2808665369826771,0.5611174544064123
301077,星华新材,0.8536692587139743,4.0,0.300283824029102,0.6352544126799266
788,北大医药,0.8525713403543937,7.5,0.2372940172991417,0.5734652744718022
300483,首华燃气,0.8520634017095624,3.0,0.1873956594323875,0.6084914131161653
301235,华康洁净,0.8507340986037263,5.0,0.2632083016828335,0.763355173918957
2872,ST天圣,0.8486697473421888,7.5,0.3302492799707242,0.6739797879081417
300284,苏交科,0.8451203916677557,3.0,0.152777777777778,0.743249959343845
2264,新 华 都,0.8449524163238605,5.0,0.1929824561403518,0.6231728669523219
300705,九典制药,0.8437065016936438,4.5,0.2034621032418387,0.7454325025466071
2368,太极股份,0.842891834265478,12.5,0.3987657889798086,0.5407594655827229
300947,德必集团,0.8367287861703787,10.5,0.3497671716403058,0.5820560295802273
300523,辰安科技,0.834261643338986,3.0,0.2028169014084504,0.6478206021732642
301502,华阳智能,0.8234479559630554,7.5,0.3353344768439112,0.8411248531971416
300600,国瑞科技,0.8140233375080396,11.0,0.3937736381067152,0.4987866189549982
300797,钢研纳克,0.8058595648770861,16.0,0.3591549295774637,0.4687112173486358
301468,博盈特焊,0.8058169277222408,5.0,0.2600806451612902,0.9182551697646056
300952,恒辉安防,0.8037451610965008,12.0,0.3426419653243531,0.5194732795045708
2156,通富微电,0.8021658809256361,9.0,0.2686203509024143,0.6285709543921931
301226,祥明智能,0.8018194818346959,10.0,0.3406981330569175,0.6570315355736839
301355,南王科技,0.7992047344605581,8.5,0.277136258660508,0.8812735990127417
301283,聚胶股份,0.7972292032320667,9.0,0.2875235640556324,0.6756556031046477
2823,凯中精密,0.7890671990749476,4.0,0.1103752759381898,0.9104273728292768
2853,皮阿诺,0.7864333823991162,5.0,0.389615501674627,0.5793512911469484
951,中国重汽,0.7843548676232158,8.0,0.3501357234890064,0.5305187188765711
300692,中赋科技,0.7836269926884785,3.0,0.27768014059754,0.5369307001241229
2483,润邦股份,0.7828240494415956,5.0,0.1836726313303974,0.6789609236546504
301567,贝隆精密,0.7825005804185028,15.5,0.2471895786302607,0.8539366116490801
1358,兴欣新材,0.782197993258317,5.5,0.2783305292552855,0.9229226605448724
2020,京新药业,0.7815066227303975,11.5,0.2532787690970514,0.548500028066674
300876,蒙泰高新,0.7786466411879833,10.5,0.3816840443511771,0.5521146279445914
2833,弘亚数控,0.7754237401633113,4.5,0.2453390459352555,0.6974630910901648
32,深桑达Ａ,0.7722326983427844,3.0,0.2586750788643537,0.6649015007592689
300763,锦浪科技,0.7719444462206052,4.5,0.2385640779952312,0.6517069884033602
2254,泰和新材,0.7698099140345532,12.0,0.377961822551778,0.5018847202195839
2434,万里扬,0.7671730244809424,5.0,0.2449608062709971,0.7607162869064148
300822,贝仕达克,0.7630655371884073,11.0,0.3094132518644622,0.4866626355672904
2734,利民股份,0.7601464713572702,5.0,0.3214516508484281,0.6050041778237071
301607,富特科技,0.7584524419474311,3.0,0.1774791473586654,1.4500843639047003
2237,恒邦股份,0.7576634925968541,8.0,0.2552502916828714,0.5876228049320041
2765,蓝黛科技,0.7551092040201832,14.5,0.3208661269576492,0.4792380126645383
35,中国天楹,0.7533774815214641,4.0,0.1191011235955058,0.7741380000436373
300086,康芝药业,0.7526901773100174,5.0,0.3782933198724649,0.472785606784313
301319,唯特偶,0.7508263801182504,3.0,0.1875202925545555,0.9055224224004004
301395,仁信新材,0.7480618764215207,9.0,0.3845642955175358,0.7325329834933016
2876,三利谱,0.7474568993008961,5.0,0.332777630896077,0.4831977783517581
300844,山水比德,0.7446058967978202,18.0,0.3176255675368899,0.4991734996996982
2566,益盛药业,0.7445830876380048,12.0,0.3478290305109221,0.4842615533307941
301589,诺瓦星云,0.7434524616351927,5.5,0.2624670861516657,0.927443691666352
2896,中大力德,0.7377947000258701,3.0,0.1838088918380888,0.6631094086910485
2949,华阳国际,0.734527401079537,9.5,0.2941391007735023,0.5713658176224412
301260,格力博,0.734462112298281,10.5,0.285737154565995,0.70798769152837
25,特  力Ａ,0.7308124024668927,6.5,0.3765308401052421,0.4745853111248574
1306,夏厦精密,0.7302702167373506,12.0,0.3695963249125917,0.8177148540694549
599,青岛双星,0.7299727335619982,10.0,0.2167652149201829,0.7038428197022736
301258,富士莱,0.7244420158966154,10.5,0.2738763839020664,0.5663582756515708
300249,依米康,0.7216854679633369,5.0,0.3810935109048413,0.5249823638467283
301515,港通医疗,0.7143791524050341,10.5,0.3385362589377903,0.7475960787356429
301126,达嘉维康,0.7132678242246253,12.5,0.3045305719234651,0.5541302999473445
2631,德尔未来,0.7113018316661822,9.0,0.3544121677171828,0.4684961177497043
1326,联域股份,0.7098963674203015,9.0,0.3962319844768558,0.8301487221481482
301130,西点药业,0.7053815119867882,6.5,0.383984701323146,0.5977921652569514
301371,敷尔佳,0.6994733146567829,9.0,0.2567801770274514,0.9133997553808508
300305,裕兴股份,0.699405759215488,9.5,0.3553295375294477,0.5094834371786341
301115,联检科技,0.6969774615952323,6.0,0.2817380768646863,0.6569349318276027
2243,力合科创,0.6949736950691138,3.0,0.3189793154395473,0.5813862380162582
1223,欧克科技,0.6932854189965231,8.0,0.398882704296915,0.706913091194276
300849,锦盛新材,0.6931287375855694,5.0,0.3715221378045578,0.5080143691449471
2923,润都股份,0.6884576363140781,5.5,0.2089479780601641,0.606137332682267
300223,北京君正,0.6823361104711768,3.0,0.1071279699874951,0.7021124401216168
28,国药一致,0.6802855991887089,3.5,0.2019099590723054,0.6234434271620221
301033,迈普医学,0.6788075799328686,5.0,0.2877681110971823,0.6344317923067934
301231,荣信文化,0.677360774672796,12.0,0.3831710479146805,0.5544004982892724
301372,科净源,0.6758780680321748,9.0,0.3917424916520753,0.6953934616152561
1366,播恩集团,0.6755244919702011,6.5,0.2450539305870944,0.7288165495316837
300177,中海达,0.671112671112671,3.0,0.2055267702936096,0.6537062943039281
2463,沪电股份,0.6701777771019383,5.5,0.3774472070323728,0.4556683548434975
2461,珠江啤酒,0.6700816864137538,3.5,0.1583476272155517,0.7456589809658116
300024,机器人,0.6695663441496669,3.0,0.1812015184023766,0.6964005299283955
300101,振芯科技,0.6664426904158139,5.5,0.2456170669709148,0.5563346609494504
301012,扬电科技,0.6663355338198244,10.0,0.3974732589451804,0.5770210162447623
300417,南华仪器,0.65673520737512,8.0,0.2668658989245271,0.4385813510946204
300099,尤洛卡,0.6567108991906906,8.0,0.363593743878314,0.464823630288057
600007,中国国贸,0.6498142452912408,3.0,0.2044912876432794,0.5738850386570723
301538,骏鼎达,0.6488727772442758,5.0,0.3500672344240246,0.9103729754912616
2773,康弘药业,0.6475293419214981,4.0,0.1668367614551719,0.6265003868472144
301225,恒勃股份,0.6468237406699299,3.0,0.2412085190688462,0.7667275923009178
301328,维峰电子,0.6436300756051523,14.0,0.3851888980583129,0.5549362184357775
301381,赛维时代,0.6423295728652153,3.0,0.0926389256548854,1.3305725809815565
301326,捷邦科技,0.641419147399365,5.0,0.3343537230031875,0.7019542709753699
301189,奥尼电子,0.6357328342736478,11.0,0.3878867109574474,0.5126560620700296
300793,佳禾智能,0.633887094484686,5.0,0.3129583683477782,0.562078836729226
2972,科安达,0.6334039312582085,14.0,0.3885526553705608,0.4359793125764299
2262,恩华药业,0.632990038332709,5.5,0.3584558171306542,0.5190516858697958
600118,中国卫星,0.6304994699217429,7.0,0.1911855144905355,0.5724384478535367
300591,万里马,0.6303375045861787,3.0,0.2738584566173525,0.6135429832225919
2561,徐家汇,0.6300100865454934,3.0,0.108231707317073,0.6699083355838436
713,国投丰乐,0.6271603113235085,13.0,0.3495960786742244,0.4391865322819782
2346,柘中股份,0.6255841121495344,3.0,0.1791789940828397,0.7818131696982081
2488,金固股份,0.6242145066428362,6.0,0.244402048398434,0.6555577718211435
2303,美盈森,0.6197735734284672,4.0,0.3451485857500896,0.5477368528831753
2633,申科股份,0.6171094468958629,6.0,0.3163637647983361,0.5198901955650442
301555,惠柏新材,0.615049978314566,10.0,0.3556621813916447,0.7115450004967347
417,合百集团,0.6149802807584347,4.5,0.2046908315565024,0.4831611666154873
600111,北方稀土,0.614040842230251,5.5,0.3155037571837271,0.4986351335526976
300232,洲明科技,0.6091592460193337,9.5,0.2433673718669081,0.4986502757617599
2381,双箭股份,0.60854443146681,12.5,0.2431975602790433,0.5220703359492646
300110,华仁药业,0.6057081488609538,6.5,0.3573416700282376,0.4391617657258054
300036,超图软件,0.6035165873148953,4.5,0.2312698605740453,0.5169606729251104
300996,普联软件,0.6023788550170106,12.0,0.363993148574071,0.4542512448846909
2476,新叶股份,0.5989037197275993,3.0,0.2224770642201837,0.5617054332023459
519,中兵红箭,0.5964384474937775,3.0,0.1403326403326402,0.7376399829479793
301315,威士顿,0.595993369933019,5.5,0.2061598224195338,0.7409012152053137
301227,森鹰窗业,0.5926701310408832,6.0,0.2849607825255944,0.6610372979111192
301571,国科天成,0.5923840747517272,9.5,0.2855646344018441,0.8428999728604598
691,亚太实业,0.591467996926122,8.0,0.2369477911646587,0.5240739707992459
2660,茂硕电源,0.5903060020818663,18.5,0.3949514131763836,0.3989258064538826
2878,元隆雅图,0.587874243182202,6.5,0.3159230051731223,0.482197155556084
2072,凯瑞德,0.5843183129442043,8.0,0.3985302919734826,0.4803556161003534
301148,嘉戎技术,0.5808552653873732,12.0,0.3642507019040224,0.5390608695221989
300868,杰美特,0.5802099692094614,3.0,0.1346830985915492,0.7650928592878193
300416,苏试试验,0.5792438459024142,9.5,0.2591270376682338,0.4277828060176496
300941,创识科技,0.5788478034787322,16.0,0.3029666019834954,0.43905914357968
419,通程控股,0.573947988664466,4.0,0.1718066056506166,0.6376077470372254
300804,广康生化,0.5730097855525039,8.0,0.3034599693684006,0.6252034390090664
300830,金现代,0.5721387007581562,9.0,0.3863116800410129,0.4151943877672322
300940,南极光,0.5709021639103212,17.0,0.3988666424454727,0.4524947682995263
300938,信测标准,0.5706608280734281,6.0,0.2534818941504174,0.4926244532513028
300422,博世科,0.5683603369391425,13.5,0.3726291121486149,0.3857225517654067
301376,致欧科技,0.5649517848490315,7.5,0.2711355677838916,0.6699965099356054
3036,泰坦股份,0.5613797683515185,9.0,0.3007116336633662,0.4877550900263976
1222,源飞宠物,0.5605424995329725,3.0,0.1202886282508925,1.002699341657662
300836,佰奥智能,0.5592549813539046,3.0,0.1046747967479674,0.702811672329458
300412,迦南科技,0.5587123192021897,3.0,0.1957894736842105,0.4837302113343163
2182,宝武镁业,0.5579729583102258,3.0,0.1689291101055804,0.7401126273732253
2815,崇达技术,0.557219226153481,3.0,0.2460233297985152,0.4906661090733465
2130,沃尔核材,0.5517431642482284,3.5,0.3336431819995213,0.4902450342037023
2547,*ST春兴,0.5506329113924041,3.5,0.1957295373665484,0.5507566575667646
1337,四川黄金,0.5505969675131014,5.0,0.2121330724070458,0.7053322709861966
2361,神剑股份,0.5477484797544739,5.0,0.264905695138521,0.4968842718014573
301588,美新科技,0.5476977173833156,5.0,0.3253895508707608,0.9137585435441214
300021,大禹节水,0.5476361443175312,3.5,0.3036698406682767,0.4391918413007587
2370,亚太药业,0.5457103619151548,6.0,0.3961130774492389,0.4331840058673316
300668,杰恩股份,0.54531779889865,6.0,0.2738968863747235,0.4581205531517844
735,罗 牛 山,0.5451209728721069,4.5,0.2825591985428053,0.4829852246130106
301273,瑞晨环保,0.5433284965599828,11.0,0.3660635471077665,0.5519084244793849
2160,常铝股份,0.5403710328380135,3.0,0.2187179487179486,0.7006484754933746
300534,陇神戎发,0.5359401297437475,9.5,0.3751917730374108,0.4122577026637762
1378,德冠新材,0.5339244829500476,8.0,0.2473946404031146,0.8120762152243657
300951,博硕科技,0.5319279735353438,17.0,0.3453042612461453,0.4193760327526674
300289,利德曼,0.5318697780813981,5.0,0.2808764940239038,0.4366230044765691
2224,三 力 士,0.5317595074711196,5.5,0.1697065820777162,0.6007462620259162
2870,香山股份,0.5299035543424758,5.5,0.2679275019700546,0.457640552087548
300399,天利科技,0.5262392392963913,3.0,0.2463199214916587,0.5132480299626885
300983,尤安设计,0.5251412893835542,3.0,0.2616966580976867,0.5249844670282128
300188,国投智能,0.524266228809437,14.5,0.3504068863788265,0.3830628002662167
2742,冀衡医药,0.5228104427768593,6.0,0.3134751773049646,0.6042972349857004
300248,新开普,0.5217413115663151,6.0,0.3724717507546544,0.4379140791128227
301008,宏昌科技,0.5198632782642953,6.0,0.3565665658980599,0.4418422203051967
2688,金河生物,0.51294136946466,8.0,0.2562497199120284,0.4917458101715236
300800,力合科技,0.5109625024899732,3.0,0.27763272410792,0.4859587734533105
301587,中瑞股份,0.5109336575887314,6.5,0.2108784681480535,0.8715116467912407
301290,东星医疗,0.5109244143209088,9.0,0.2797095820721889,0.572010510416568
301662,宏工科技,0.5065289131287192,11.0,0.3196664417613746,0.9941528997823904
301339,通行宝,0.5053963229559155,7.0,0.2861803050247129,0.5439707919972905
301281,科源制药,0.5053282907910362,7.5,0.3931957128507019,0.590637638527694
600119,*ST长投,0.5024232318201556,9.5,0.3777595673881296,0.4035922869313567
